<?xml version="1.0" ?>
<SmellBaseline>
  <ManuallySuppressedIssues>
    <ID>CatchRuntimeException:Junk.kt$e: RuntimeException</ID>
  </ManuallySuppressedIssues>
  <CurrentIssues>
    <ID>LongParameterList:Product.kt$Product$( @PrimaryKey val sku: String, val title: String, val description: String, val price: String, val priceCurrencyCode: String, val subscriptionPeriod: String, val freeTrialPeriod: String, val jsonSkuDetails: String )</ID>
    <ID>LongParameterList:PurchaseRecord.kt$PurchaseRecord$( @PrimaryKey val purchaseToken: String, val sku: String, val signature: String, val purchaseTime: Long, val purchaseState: Int, val originalJson: String, val isAcknowledged: Boolean, val isAutoRenewing: Boolean, val isConsumed: Boolean )</ID>
    <ID>MaxLineLength:CounterViewModel.kt$CounterViewModel$countDownTimer</ID>
    <ID>MaxLineLength:SettingsViewModel.kt$SettingsViewModel$val subscription = purchaseRecords.value?.firstOrNull { it.sku == Constants.SUBSCRIPTION_SKU &amp;&amp; it.isAutoRenewing }</ID>
    <ID>MaximumLineLength:com.pluralsight.counting.ui.counter.CounterViewModel.kt:66</ID>
    <ID>MaximumLineLength:com.pluralsight.counting.ui.settings.SettingsViewModel.kt:13</ID>
    <ID>NoWildcardImports:com.pluralsight.counting.billing.BillingRepository.kt:9</ID>
    <ID>NoWildcardImports:com.pluralsight.counting.db.counter.CounterRepository.kt:8</ID>
    <ID>NoWildcardImports:com.pluralsight.counting.db.counter.CounterRepository.kt:9</ID>
    <ID>NoWildcardImports:com.pluralsight.counting.db.log.LogRepository.kt:7</ID>
    <ID>NoWildcardImports:com.pluralsight.counting.db.log.LogRepository.kt:8</ID>
    <ID>NoWildcardImports:com.pluralsight.counting.db.product.ProductRepository.kt:8</ID>
    <ID>NoWildcardImports:com.pluralsight.counting.db.purchase.PurchaseRecordRepository.kt:8</ID>
    <ID>NoWildcardImports:com.pluralsight.counting.db.purchase.PurchaseRecordRepository.kt:9</ID>
    <ID>NoWildcardImports:com.pluralsight.counting.ui.counter.CounterFragment.kt:4</ID>
    <ID>NoWildcardImports:com.pluralsight.counting.ui.history.recyclerview.HistoryItemAdapter.kt:11</ID>
    <ID>NoWildcardImports:com.pluralsight.counting.ui.home.HomeFragment.kt:4</ID>
    <ID>NoWildcardImports:com.pluralsight.counting.util.Security.kt:10</ID>
    <ID>NoWildcardImports:com.pluralsight.counting.util.Security.kt:7</ID>
    <ID>ReturnCount:Security.kt$Security$ private fun verify(publicKey: PublicKey, signedData: String, signature: String): Boolean</ID>
    <ID>TooGenericExceptionCaught:BillingRepository.kt$BillingRepository$e: Exception</ID>
    <ID>TooGenericExceptionThrown:Security.kt$Security$throw RuntimeException(e)</ID>
    <ID>TooManyFunctions:BillingRepository.kt$BillingRepository : LifecycleObserverPurchasesUpdatedListenerBillingClientStateListenerSkuDetailsResponseListener</ID>
    <ID>VariableNaming:PurchaseFragment.kt$PurchaseFragment$private val LOG_TAG: String = this.javaClass.simpleName</ID>
    <ID>WildcardImport:BillingRepository.kt$import com.android.billingclient.api.*</ID>
    <ID>WildcardImport:CounterFragment.kt$import android.view.*</ID>
    <ID>WildcardImport:CounterRepository.kt$import kotlinx.coroutines.*</ID>
    <ID>WildcardImport:HomeFragment.kt$import android.view.*</ID>
    <ID>WildcardImport:LogRepository.kt$import kotlinx.coroutines.*</ID>
    <ID>WildcardImport:ProductRepository.kt$import kotlinx.coroutines.*</ID>
    <ID>WildcardImport:PurchaseRecordRepository.kt$import kotlinx.coroutines.*</ID>
    <ID>WildcardImport:Security.kt$import java.security.*</ID>
  </CurrentIssues>
</SmellBaseline>
